type,"max(Value)","min(Value)"
co2,"12.092918","4.438346"
greenhousegases,"7462.900000","58.400000"
methane,"24286.400000","569.200000"
no2,"9.626855","1.256122"
o3,"82.523111","69.298721"
so2,"5.508826","0.658434"
