type,"max(Value)","min(Value)"
co2,"24.824647","2.636157"
greenhousegases,"27037.800000","13.300000"
methane,"85893.900000","230.800000"
